{
  "device": {
    "n_levels": 16,
    "sigma": 0.05,
    "sigma_read": 0.01,
    "name": "synthetic"
  },
  "config": {
    "dataset": "mnist",
    "data_dir": "./data",
    "epochs": 3,
    "batch_size": 128,
    "num_hidden": 256,
    "num_steps": 20,
    "beta": 0.95,
    "lr": 0.002,
    "seed": 42,
    "device": "cpu",
    "results_dir": "./results",
    "device_preset": "sns2",
    "sigma_sweep": [
      0.0,
      0.02,
      0.05,
      0.08,
      0.12,
      0.18,
      0.25
    ],
    "sweep_trials": 3,
    "max_train_batches": null,
    "max_test_batches": 40
  },
  "ideal_crossbar_acc": {
    "naive": 0.9216796875,
    "aware": 0.9224609375
  },
  "train_history": {
    "naive": {
      "train_loss": [
        1.6287624693628568,
        1.529397659718609,
        1.522135078271569
      ],
      "test_acc": [
        0.9169921875,
        0.91875,
        0.9216796875
      ]
    },
    "aware": {
      "train_loss": [
        1.6049145635511322,
        1.5300853143114526,
        1.5229180357349452
      ],
      "test_acc": [
        0.9208984375,
        0.9216796875,
        0.925390625
      ]
    }
  },
  "sweep": {
    "naive": {
      "sigma": [
        0.0,
        0.02,
        0.05,
        0.08,
        0.12,
        0.18,
        0.25
      ],
      "acc_mean": [
        0.9147135416666666,
        0.9149088541666667,
        0.9176432291666666,
        0.9151692708333333,
        0.91640625,
        0.9113932291666668,
        0.9052083333333333
      ],
      "acc_std": [
        0.0003682847818680249,
        0.0006037512041338365,
        0.0003319674162495041,
        0.0011754863336762647,
        0.002215455667600705,
        0.001993931358217917,
        0.0011754863336763159
      ]
    },
    "aware": {
      "sigma": [
        0.0,
        0.02,
        0.05,
        0.08,
        0.12,
        0.18,
        0.25
      ],
      "acc_mean": [
        0.9255859375000001,
        0.9250651041666665,
        0.9255859375000001,
        0.9244140625,
        0.9263020833333333,
        0.9236328125000001,
        0.9194010416666667
      ],
      "acc_std": [
        0.0004219232225525882,
        0.0006037512041338365,
        0.0004219232225525882,
        0.00042192322255260535,
        0.0003682847818679726,
        0.0016184639185750087,
        0.0021710067709027575
      ]
    }
  },
  "elapsed_seconds": 822.5,
  "note": "Synthetic device parameters (n_levels=16, sigma=0.05). NOT measured SnS2 data."
}